Episodio n;Titulo;URL;Año;Mes
Episodio 1;César Franck: Sinfonía en re menor;https://www.rtve.es/play/audios/musica-y-significado/musica-significado-031010/892927/;2010;10
Episodio 2;Trío en Re Menor;http://www.rtve.es/play/audios/musica-y-significado/musica-significado-trio-re-menor-10-10-10/897589/;2010;10
Episodio 3;Las sonatas de Scarlatti;https://www.rtve.es/play/audios/musica-y-significado/musica-significado-241010/910526/;2010;10
Episodio 4;La isla de los muertos;https://www.rtve.es/play/audios/musica-y-significado/musica-significado-311010/917015/;2010;10
Episodio 5;Schubert - 07/11/10;http://www.rtve.es/play/audios/musica-y-significado/musica-significado-schubert-sinfonia-grande-07-11-10/924693/;2010;11
Episodio 6;Ravel: Trío en La menor - 14/11/10;http://www.rtve.es/play/audios/musica-y-significado/musica-significado-ravel-trio-menor-14-11-10/928228/;2010;11
Episodio 7;Brahms: un réquiem alemán;https://www.rtve.es/play/audios/musica-y-significado/musica-significado-brahms-requiem-aleman-17-10-10/932312/;2010;11
Episodio 8;La 1ª cantata de Bach - 21/11/10;http://www.rtve.es/play/audios/musica-y-significado/musica-significado-primera-cantata-bach-21-11-10/936970/;2010;11
Episodio 9;Mozart: C. para piano en re menor;https://www.rtve.es/play/audios/musica-y-significado/musica-significado-281110/944326/;2010;11
Episodio 10;Especial Coro del Tabernáculo;http://www.rtve.es/play/audios/musica-y-significado/musica-significado-especial-coro-del-tabernaculo-26-12-10/974073/;2010;12
Episodio 11;La Novena de Beethoven - 02/01/11;http://www.rtve.es/play/audios/musica-y-significado/musica-significado-novena-beethoven-02-01-11/978793/;2011;1
Episodio 12;Las últimas sonatas de Poulenc;http://www.rtve.es/play/audios/musica-y-significado/musica-significado-ultimas-sonatas-poulenc-09-01-11/983406/;2011;1
Episodio 13;Fugas de Bach - 16/01/11;https://www.rtve.es/play/audios/musica-y-significado/musica-significado-160111/989236/;2011;1
Episodio 14;La Flauta Mágica - 23/01/11;http://www.rtve.es/play/audios/musica-y-significado/musica-significado-230111/995401/;2011;1
Episodio 15;Desde/hacia la flauta mágica;http://www.rtve.es/play/audios/musica-y-significado/musica-significado-300111/1001772/;2011;1
Episodio 16;Honegger: Sinfonía Litúrgica;http://www.rtve.es/play/audios/musica-y-significado/musica-significado-honegger-sinfonia-liturgica-06-02-11/1008290/;2011;2
Episodio 17;Brahms: Sonata para cello y piano 1;https://www.rtve.es/play/audios/musica-y-significado/musica-significado-130211/1016312/;2011;2
Episodio 18;Chopin: la Cuarta Balada - 20/02/11;https://www.rtve.es/play/audios/musica-y-significado/musica-significado-200211/1025139/;2011;2
Episodio 19;Wagner: el Preludio del Tristán;https://www.rtve.es/play/audios/musica-y-significado/musica-significado-060311/1038015/;2011;3
Episodio 20;Franck: Sonata para Violín y Piano;https://www.rtve.es/play/audios/musica-y-significado/musica-significado-130311/1044154/;2011;3
Episodio 21;Dvorak: Concierto para Violonchelo;http://www.rtve.es/play/audios/musica-y-significado/musica-significado-dvorak-concierto-para-violonchelo-20-03-11/1050254/;2011;3
Episodio 22;Mendelssohn: El sueño de una noche.;https://www.rtve.es/play/audios/musica-y-significado/musica-significado-270311/1056473/;2011;3
Episodio 23;La Séptima de Beethoven;https://www.rtve.es/play/audios/musica-y-significado/musica-significado-030411/1063641/;2011;4
Episodio 24;El Carnaval de Schumann;https://www.rtve.es/play/audios/musica-y-significado/musica-significado-100411/1070116/;2011;4
Episodio 25;La 3ª Sinfonía de Saint-Saëns;https://www.rtve.es/play/audios/musica-y-significado/musica-significado-170411/1076793/;2011;4
Episodio 26;"Brahms: Cuarteto ""Werther""";https://www.rtve.es/play/audios/musica-y-significado/musica-significado-080511/1094725/;2011;5
Episodio 27;La Primera de Brahms;https://www.rtve.es/play/audios/musica-y-significado/musica-significado-010511/1088672/;2011;5
Episodio 28;Un concierto para Maxim;http://www.rtve.es/play/audios/musica-y-significado/musica-significado-concierto-para-maxim-15-05-11/1101984/;2011;5
Episodio 29;Liszt en los infiernos;https://www.rtve.es/play/audios/musica-y-significado/musica-significado-290511/1114906/;2011;5
Episodio 30;Los preludios de Chopin (I);http://www.rtve.es/play/audios/musica-y-significado/musica-significado-preludios-chopin-05-06-11/1143021/;2011;6
Episodio 31;Preludios de Chopin (II);http://www.rtve.es/play/audios/musica-y-significado/musica-significado-preludios-chopin-ii-12-06-11/1127317/;2011;6
Episodio 32;Concierto piano de Keith Emerson;http://www.rtve.es/play/audios/musica-y-significado/musica-significado-concierto-para-piano-keith-emerson-19-06-11/1139290/;2011;6
Episodio 33;Música y significado - 25/09/11;http://www.rtve.es/play/audios/musica-y-significado/musica-significado-25-09-11/1206641/;2011;9
Episodio 34;Música y significado - 02/10/11;http://www.rtve.es/play/audios/musica-y-significado/musica-significado-02-10-11/1212711/;2011;10
Episodio 35;Iberia de Albéniz;https://www.rtve.es/play/audios/musica-y-significado/musica-significado-iberia-albeniz-09-10-11/1219064/;2011;10
Episodio 36;La quinta de Beethoven;https://www.rtve.es/play/audios/musica-y-significado/musica-significado-quinta-beethoven-16-10-11/1224875/;2011;10
Episodio 37;La Sinfonía Fantástica;https://www.rtve.es/play/audios/musica-y-significado/musica-significado-sinfonia-fantastica-30-10-11/1236904/;2011;10
Episodio 38;La Tercera de Brahms;https://www.rtve.es/play/audios/musica-y-significado/musica-significado-tercera-brahms-06-11-11/1242479/;2011;11
Episodio 39;La Segunda de Schumann;https://www.rtve.es/play/audios/musica-y-significado/musica-significado-segunda-schumann-monumento-vitalidad-13-11-11/1248120/;2011;11
Episodio 40;Música y significado - 20/11/11;http://www.rtve.es/play/audios/musica-y-significado/musica-significado-20-11-11/1253734/;2011;11
Episodio 41;Beethoven ante las Furias;http://www.rtve.es/play/audios/musica-y-significado/musica-significado-beethoven-ante-furias-27-11-11/1259570/;2011;11
Episodio 42;La Sinfonía 40 de Mozart;https://www.rtve.es/play/audios/musica-y-significado/musica-significado-sinfonia-40-mozart-04-12-11/1265471/;2011;12
Episodio 43;La Cantata BWV 147;http://www.rtve.es/play/audios/musica-y-significado/musica-significado-cantata-bwv-147-11-12-11/1270221/;2011;12
Episodio 44;Relato musical de la Natividad;http://www.rtve.es/play/audios/musica-y-significado/musica-significado-relato-musical-natividad-25-12-11/1281554/;2011;12
Episodio 45;"""El Moldava"" de Smetana";http://www.rtve.es/play/audios/musica-y-significado/musica-significado-moldava-smetana-01-01-12/1285336/;2012;1
Episodio 46;El mundo simbólico de Liszt;https://www.rtve.es/play/audios/musica-y-significado/musica-significado-mundo-simbolico-liszt-08-01-12/1289418/;2012;1
Episodio 47;"La Sinfonía ""Inacabada"" de Schubert";https://www.rtve.es/play/audios/musica-y-significado/musica-significado-sinfonia-inacabada-schubert-15-01-12/1294893/;2012;1
Episodio 48;La Quinta sinfonía de Shostakovich;https://www.rtve.es/play/audios/musica-y-significado/musica-significado-quinta-sinfonia-shostakovich-22-01-12/1300981/;2012;1
Episodio 49;"La Sinfonía ""Londres"" de Haydn";https://www.rtve.es/play/audios/musica-y-significado/musica-significado-analisis-ultima-sinfonia-haydn-escrita-londres-1795-29-01-12/1306990/;2012;1
Episodio 50;"La Sinfonía ""Heroica"" de Beethoven";https://www.rtve.es/play/audios/musica-y-significado/musica-significado-sinfonia-heroica-beethoven-05-02-12/1313891/;2012;2
Episodio 51;Bruckner:cuarta Sinfonía, Romántica;http://www.rtve.es/play/audios/musica-y-significado/musica-significado-bruckner-cuarta-sinfonia-romantica-12-02-12/1320244/;2012;2
Episodio 52;Bartók: para cuerda, percusión...;https://www.rtve.es/play/audios/musica-y-significado/musica-significado-bartok-musica-para-cuerda-percusion-celesta-19-02-12/1326923/;2012;2
Episodio 53;Sibelius: Segunda Sinfonía;https://www.rtve.es/play/audios/musica-y-significado/musica-significado-sibelius-segunda-sinfonia-26-02-12/1333207/;2012;2
Episodio 54;Brahms: Cuarta Sinfonía;https://www.rtve.es/play/audios/musica-y-significado/musica-significado-brahms-cuarta-sinfonia-04-03-12/1340047/;2012;3
Episodio 55;Shostakovich: Décima Sinfonía;http://www.rtve.es/play/audios/musica-y-significado/musica-significado-shostakovich-decima-sinfonia-11-03-12/1346313/;2012;3
Episodio 56;Mahler: Novena Sinfonía (1);https://www.rtve.es/play/audios/musica-y-significado/musica-significado-mahler-novena-sinfonia-1-18-03-12/1352547/;2012;3
Episodio 57;La Quinta Sinfonía de Nielsen;http://www.rtve.es/play/audios/musica-y-significado/musica-significado-quinta-sinfonia-nielsen-15-04-12/1376787/;2012;4
Episodio 58;"Preludio a ""La siesta de un fauno""";http://www.rtve.es/play/audios/musica-y-significado/musica-significado-debussy-preludio-siesta-fauno-29-04-12/1390758/;2012;4
Episodio 59;Vaughan Williams:Fantasía Th.Tallis;https://www.rtve.es/play/audios/musica-y-significado/musica-significado-060512/1396710/;2012;5
Episodio 60;El Concierto en Fa de Gershwin;http://www.rtve.es/play/audios/musica-y-significado/musica-significado-concierto-fa-gershwin-13-05-12/1404503/;2012;5
Episodio 61;"Sinfonía ""Primavera"" de Schumann";https://www.rtve.es/play/audios/musica-y-significado/musica-significado-sinfonia-primavera-schumann-27-05-12/1421758/;2012;5
Episodio 62;Schoenberg: Noche Transfigurada;http://www.rtve.es/play/audios/musica-y-significado/musica-significado-schoenberg-noche-transfigurada-03-06-12/1427243/;2012;6
Episodio 63;Otros caminos;http://www.rtve.es/play/audios/musica-y-significado/musica-significado-otros-caminos-10-06-12/1432815/;2012;6
Episodio 64;Tercera Sinfonía de Górecki;http://www.rtve.es/play/audios/musica-y-significado/musica-significado-tercera-sinfonia-gorecki-17-06-12/1439486/;2012;6
Episodio 65;Fantasía Coral de BEETHOVEN;http://www.rtve.es/play/audios/musica-y-significado/musica-significado-fantasia-coral-beethoven-12-10-12/1550924/;2012;10
Episodio 66;Quinta Sinfonía de SIBELIUS;http://www.rtve.es/play/audios/musica-y-significado/musica-significado-quinta-sinfonia-sibelius-19-10-12/1556831/;2012;10
Episodio 67;"Sinfonía ""Titán"" de MAHLER";https://www.rtve.es/play/audios/musica-y-significado/musica-significado-sinfonia-titan-mahler-26-10-12/1563160/;2012;10
Episodio 68;La isla de los muertos- Rachmaninov;http://www.rtve.es/play/audios/musica-y-significado/musica-significado-isla-muertos-rachmaninov-02-11-12/1569555/;2012;11
Episodio 69;"Sinfonía ""Júpiter"" de Mozart";https://www.rtve.es/play/audios/musica-y-significado/musica-significado-sinfonia-jupiter-mozart-09-11-12/1575703/;2012;11
Episodio 70;Aspectos de Chopin;https://www.rtve.es/play/audios/musica-y-significado/musica-significado-aspectos-chopin-16-11-12/1581751/;2012;11
Episodio 71;Bach y las chaconas;http://www.rtve.es/play/audios/musica-y-significado/musica-significado-bach-chaconas-23-11-12/1589179/;2012;11
Episodio 72;El Quinteto con piano de Brahms;https://www.rtve.es/play/audios/musica-y-significado/musica-significado-quinteto-piano-brahms-30-11-12/1596787/;2012;12
Episodio 73;Los cuatro temperamentos;http://www.rtve.es/play/audios/musica-y-significado/musica-significado-cuatro-temperamentos-07-12-12/1615102/;2012;12
Episodio 74;HONEGGER: Cantata de Navidad;http://www.rtve.es/play/audios/musica-y-significado/musica-significado-honegger-cantata-navidad-21-12-12/1622587/;2012;12
Episodio 75;Primera Sinfonía de Beethoven;https://www.rtve.es/play/audios/musica-y-significado/musica-significado-primera-sinfonia-beethoven-04-01-13/1639322/;2013;1
Episodio 76;"El ""lado oscuro"" de Schubert";http://www.rtve.es/play/audios/musica-y-significado/musica-significado-lado-oscuro-schubert-18-01-13/1670292/;2013;1
Episodio 77;Segunda Sinfonía de BRAHMS;https://www.rtve.es/play/audios/musica-y-significado/musica-significado-segunda-sinfonia-brahms-25-01-13/1675813/;2013;1
Episodio 78;Concierto para Violonchelo de ELGAR;https://www.rtve.es/play/audios/musica-y-significado/musica-significado-concierto-para-violonchelo-elgar-01-02-13/1681289/;2013;2
Episodio 79;Concierto nº2 de LISZT;https://www.rtve.es/play/audios/musica-y-significado/musica-significado-concierto-n2-liszt-08-02-13/1686546/;2013;2
Episodio 80;Canciones de Schumann (I);https://www.rtve.es/play/audios/musica-y-significado/musica-significado-canciones-schumann-15-02-13/1691954/;2013;2
Episodio 81;Concierto nº 1 de BRAHMS;https://www.rtve.es/play/audios/musica-y-significado/musica-significado-concierto-n1-brahms-22-02-13/1697790/;2013;2
Episodio 82;MENDELSSOHN: Sinfonía Escocesa;https://www.rtve.es/play/audios/musica-y-significado/musica-significado-mendelssohn-sinfonia-escocesa-01-03-13/1704108/;2013;3
Episodio 83;"Shostakovich: Sinfonía ""Leningrado""";http://www.rtve.es/play/audios/musica-y-significado/musica-significado-shostakovich-sinfonia-leningrado-08-03-13/1713509/;2013;3
Episodio 84;Beethoven: Sinfonía Pastoral;https://www.rtve.es/play/audios/musica-y-significado/musica-significado-beethoven-sinfonia-pastoral-15-03-13/1912074/;2013;3
Episodio 85;BACH: Misa en Si Menor;https://www.rtve.es/play/audios/musica-y-significado/musica-significado-bach-misa-si-menor-22-03-13/1731228/;2013;3
Episodio 86;La octava y el diapasón;http://www.rtve.es/play/audios/musica-y-significado/musica-significado-octava-diapason-05-04-13/1750433/;2013;4
Episodio 87;La quinta justa;http://www.rtve.es/play/audios/musica-y-significado/musica-significado-quinta-justa-12-04-13/1763192/;2013;4
Episodio 88;Mozart: Don Giovanni;https://www.rtve.es/play/audios/musica-y-significado/musica-significado-mozart-don-giovanni-19-04-13/1776308/;2013;4
Episodio 89;Beethoven: Egmont;http://www.rtve.es/play/audios/musica-y-significado/musica-significado-beethoven-egmont-26-04-13/1791067/;2013;4
Episodio 90;"Mendelssohn: Sinfonía nº4 ""Italiana";https://www.rtve.es/play/audios/musica-y-significado/musica-significado-mendelssohn-sinfonia-n4-italiana-03-05-13/1801207/;2013;5
Episodio 91;El símbolo del caballo;http://www.rtve.es/play/audios/musica-y-significado/musica-significado-simbolo-del-caballo-17-05-13/1824924/;2013;5
Episodio 92;Mahler: Quinta Sinfonía (1);http://www.rtve.es/play/audios/musica-y-significado/musica-significado-mahler-quinta-sinfonia-1-31-05-13/1849247/;2013;6
Episodio 93;Mahler: Quinta Sinfonía (2);http://www.rtve.es/play/audios/musica-y-significado/musica-significado-mahler-quinta-sinfonia-2-07-06-13/1861948/;2013;6
Episodio 94;La Cuarta de Beethoven. El tritono;http://www.rtve.es/play/audios/musica-y-significado/musica-significado-cuarta-beethoven-tritono-14-06-13/1873971/;2013;6
Episodio 95;Música y significado - 28/06/13;http://www.rtve.es/play/audios/musica-y-significado/musica-significado-28-06-13/1904091/;2013;6
Episodio 96;Música y significado - 04/10/13;http://www.rtve.es/play/audios/musica-y-significado/musica-significado-04-10-13/2047729/;2013;10
Episodio 97;"DVORAK: ""Quinteto Americano""";http://www.rtve.es/play/audios/musica-y-significado/musica-significado-dvorak-quinteto-americano-11-10-13/2060730/;2013;10
Episodio 98;La Octava Sinfonía de Beethoven;https://www.rtve.es/play/audios/musica-y-significado/musica-significado-octava-sinfonia-beethoven-18-10-13/2079188/;2013;10
Episodio 99;Fugas de J. S. Bach;http://www.rtve.es/play/audios/musica-y-significado/musica-significado-fugas-s-bach-25-10-13/2099967/;2013;10
Episodio 100;Falla: El amor brujo;http://www.rtve.es/play/audios/musica-y-significado/musica-significado-falla-amor-brujo-01-11-13/2116167/;2013;11
Episodio 101;SIBELIUS: Conci.para violín y orqu.;http://www.rtve.es/play/audios/musica-y-significado/musica-significado-sibelius-concierto-para-violin-orquesta-15-11-13/2146690/;2013;11
Episodio 102;RACHMANINOV:Rapsodia sobre Paganini;https://www.rtve.es/play/audios/musica-y-significado/musica-significado-rachmaninov-rapsodia-sobre-tema-paganini-22-11-13/2164707/;2013;11
Episodio 103;WAGNER: Parsifal;https://www.rtve.es/play/audios/musica-y-significado/musica-significado-parsifal-29-11-13/2183469/;2013;11
Episodio 104;Chopin: Concierto nº1;https://www.rtve.es/play/audios/musica-y-significado/musica-significado-chopin-concierto-n1-06-12-13/2202208/;2013;12
Episodio 105;BRAHMS: Concierto para violín;https://www.rtve.es/play/audios/musica-y-significado/musica-significado-131213/2225667/;2013;12
Episodio 106;EL MESÍAS  de Haendel;http://www.rtve.es/play/audios/musica-y-significado/musica-significado-mesias-haendel-20-12-13/2253887/;2013;12
Episodio 107;DVORAK: Sinf. del Nuevo Mundo;http://www.rtve.es/play/audios/musica-y-significado/musica-significado-dvorak-sinfonia-del-nuevo-mundo-27-12-13/2267347/;2013;12
Episodio 108;Mensajes de nuestros oyentes;http://www.rtve.es/play/audios/musica-y-significado/musica-significado-mensajes-nuestros-oyentes-03-01-14/2280147/;2014;1
Episodio 109;Música medieval;http://www.rtve.es/play/audios/musica-y-significado/musica-significado-musica-medieval-17-01-14/2324568/;2014;1
Episodio 110;Hacia el Renacimiento;http://www.rtve.es/play/audios/musica-y-significado/musica-significado-hacia-renacimiento-31-01-14/2366112/;2014;2
Episodio 111;STRAUSS: Muerte y Transfiguración;http://www.rtve.es/play/audios/musica-y-significado/musica-significado-070214/2385047/;2014;2
Episodio 112;Renacimiento (1);http://www.rtve.es/play/audios/musica-y-significado/musica-significado-renacimiento-1-14-02-14/2398200/;2014;2
Episodio 113;"""Dies Iraes""";https://www.rtve.es/play/audios/musica-y-significado/musica-significado-dies-iraes-21-02-14/2410709/;2014;2
Episodio 114;Máscaras;http://www.rtve.es/play/audios/musica-y-significado/musica-significado-mascaras-28-02-14/2422687/;2014;3
Episodio 115;Mujeres compositoras;https://www.rtve.es/play/audios/musica-y-significado/musica-significado-mujeres-compositoras-07-03-14/2434549/;2014;3
Episodio 116;Hindemith: Matías el Pintor;http://www.rtve.es/play/audios/musica-y-significado/musica-significado-hindemith-matias-pintor-14-03-14/2449227/;2014;3
Episodio 117;Dodecafonismo;http://www.rtve.es/play/audios/musica-y-significado/musica-significado-dodecafonismo-21-03-14/2461587/;2014;3
Episodio 118;CHAIKOVSKI: Romeo y Julieta;https://www.rtve.es/play/audios/musica-y-significado/musica-significado-chaikovski-romeo-julieta-28-03-14/2476227/;2014;3
Episodio 119;La Séptima de Bruckner;http://www.rtve.es/play/audios/musica-y-significado/musica-significado-septima-bruckner-04-04-14/2489688/;2014;4
Episodio 120;LISZT: Sonata en Si menor;http://www.rtve.es/play/audios/musica-y-significado/musica-significado-sonata-si-menor-11-04-14/2503827/;2014;4
Episodio 121;BACH: Pasión según S. Mateo;http://www.rtve.es/play/audios/musica-y-significado/musica-significado-bach-pasion-segun-s-mateo-18-04-14/2518754/;2014;4
Episodio 122;Cine y Música (I);http://www.rtve.es/play/audios/musica-y-significado/musica-significado-cine-musica-25-04-14/2531288/;2014;4
Episodio 123;Música y Revolución (I);http://www.rtve.es/play/audios/musica-y-significado/musica-significado-musica-revolucion-02-05-14/2541830/;2014;5
Episodio 124;Impresionismo;http://www.rtve.es/play/audios/musica-y-significado/musica-significado-impresionismo-09-05-14/2554967/;2014;5
Episodio 125;Música y educación;http://www.rtve.es/play/audios/musica-y-significado/musica-significado-musica-educacion-16-05-14/2567735/;2014;5
Episodio 126;Música y cine (II);http://www.rtve.es/play/audios/musica-y-significado/musica-significado-musica-cine-ii-06-06-14/2603335/;2014;6
Episodio 127;Wagner: El anillo del Nibelungo;https://www.rtve.es/play/audios/musica-y-significado/musica-significado-wagner-anillo-del-nibelungo-13-06-14/2613703/;2014;6
Episodio 128;Epílogo;http://www.rtve.es/play/audios/musica-y-significado/musica-significado-epilogo-27-06-14/2635874/;2014;6
Episodio 129;Presentación de la 6ª temporada;http://www.rtve.es/play/audios/musica-y-significado/musica-significado-presentacion-6-temporada-03-10-14/2790634/;2014;10
Episodio 130;Sonidos que significan;http://www.rtve.es/play/audios/musica-y-significado/musica-significado-sonidos-significan-10-10-14/2802378/;2014;10
Episodio 131;Historia universal del atonalismo;http://www.rtve.es/play/audios/musica-y-significado/musica-significado-historia-universal-del-atonalismo-17-10-14/2814857/;2014;10
Episodio 132;Catálogo de pasiones;http://www.rtve.es/play/audios/musica-y-significado/musica-significado-catalogo-pasiones-24-10-14/2828736/;2014;10
Episodio 133;El Réquiem de Mozart;https://www.rtve.es/play/audios/musica-y-significado/musica-significado-requiem-mozart-31-10-14/2842614/;2014;11
Episodio 134;El Réquiem de Fauré;https://www.rtve.es/play/audios/musica-y-significado/musica-significado-requiem-faure-14-11-14/2860496/;2014;11
Episodio 135;Concierto 3 de Rachmaninov;https://www.rtve.es/play/audios/musica-y-significado/musica-significado-concierto-3-rachmaninov-21-11-14/2869874/;2014;11
Episodio 136;"Liszt: ""Preludios""";https://www.rtve.es/play/audios/musica-y-significado/musica-significado-281114/2880874/;2014;11
Episodio 137;Plagios con significado;http://www.rtve.es/play/audios/musica-y-significado/musica-significado-plagios-significado-05-12-14/2892241/;2014;12
Episodio 138;Patriotismos;http://www.rtve.es/play/audios/musica-y-significado/musica-significado-patriotismos-12-12-14/2904954/;2014;12
Episodio 139;Navidad en las trincheras;http://www.rtve.es/play/audios/musica-y-significado/musica-significado-navidad-trincheras-19-12-14/2919914/;2014;12
Episodio 140;Criptomnesias;http://www.rtve.es/play/audios/musica-y-significado/musica-significado-261214/2929436/;2014;12
Episodio 141;SCHEHEREZADE de Rimsky-Korsakov;https://www.rtve.es/play/audios/musica-y-significado/musica-significado-020115/2939214/;2015;1
Episodio 142;Corazón de invierno;http://www.rtve.es/play/audios/musica-y-significado/musica-significado-090115/2948052/;2015;1
Episodio 143;La Cuarta de Mahler;http://www.rtve.es/play/audios/musica-y-significado/musica-significado-230115/2962909/;2015;1
Episodio 144;Concierto para piano de GRIEG;https://www.rtve.es/play/audios/musica-y-significado/musica-significado-concierto-para-piano-grieg-30-01-15/2973898/;2015;1
Episodio 145;Exiliados;http://www.rtve.es/play/audios/musica-y-significado/musica-significado-exiliados-06-02-15/2985338/;2015;2
Episodio 146;Amores cárcavos;http://www.rtve.es/play/audios/musica-y-significado/musica-significado-amores-carcavos-13-02-15/2998219/;2015;2
Episodio 147;La Tercera de MAHLER;http://www.rtve.es/play/audios/musica-y-significado/musica-significado-tercera-mahler-20-02-15/3007680/;2015;2
Episodio 148;La Quinta de CHAIKOVSKI;https://www.rtve.es/play/audios/musica-y-significado/musica-significado-quinta-chaikovski-27-02-15/3018638/;2015;2
Episodio 149;Acto de rebeldía;http://www.rtve.es/play/audios/musica-y-significado/musica-significado-acto-rebeldia-06-03-15/3030699/;2015;3
Episodio 150;Arvo Pärt: Fratres;http://www.rtve.es/play/audios/musica-y-significado/musica-significado-arvo-prt-fratres-13-03-15/3042738/;2015;3
Episodio 151;¿Clásicooos...?;http://www.rtve.es/play/audios/musica-y-significado/musica-significado-clasicooos-20-03-15/3055821/;2015;3
Episodio 152;Stravinsky: La Consagración de la Primavera;https://www.rtve.es/play/audios/musica-y-significado/musica-significado-stravinsky-consagracion-primavera-27-03-15/3066021/;2015;3
Episodio 153;BARTÓK: Concierto para Orquesta;https://www.rtve.es/play/audios/musica-y-significado/musica-significado-bartok-concierto-para-orquesta-10-04-15/3084818/;2015;4
Episodio 154;Pájaros reveladores;http://www.rtve.es/play/audios/musica-y-significado/musica-significado-pajaros-reveladores-17-04-15/3095499/;2015;4
Episodio 155;HAYDN: La Creación;https://www.rtve.es/play/audios/musica-y-significado/musica-significado-haydn-creacion-24-04-15/3105356/;2015;4
Episodio 156;Símbolos, arquetipos;http://www.rtve.es/play/audios/musica-y-significado/musica-significado-simbolos-arquetipos-08-05-15/3121369/;2015;5
Episodio 157;Tesssoooro...;http://www.rtve.es/play/audios/musica-y-significado/musica-significado-tesssoooro-15-05-15/3129387/;2015;5
Episodio 158;Retorno;http://www.rtve.es/play/audios/musica-y-significado/musica-significado-retorno-22-05-15/3138353/;2015;5
Episodio 159;La Novena de Mahler (y II);http://www.rtve.es/play/audios/musica-y-significado/musica-significado-novena-mahler-ii-05-06-15/3157439/;2015;6
Episodio 160;Concierto nº 2 de CHOPIN;https://www.rtve.es/play/audios/musica-y-significado/musica-significado-concierto-n2-chopin-12-06-15/3168218/;2015;6
Episodio 161;¿Lenguaje universal?;http://www.rtve.es/play/audios/musica-y-significado/musica-significado-lenguaje-universal-02-10-15/3309218/;2015;10
Episodio 162;La Novena de Bruckner;https://www.rtve.es/play/audios/musica-y-significado/musica-significado-novena-bruckner-16-10-15/3324718/;2015;10
Episodio 163;Sobre aguas turbulentas;http://www.rtve.es/play/audios/musica-y-significado/musica-significado-231015/3333018/;2015;10
Episodio 164;"""Finlandia"" de Sibelius";https://www.rtve.es/play/audios/musica-y-significado/musica-significado-301015/3342000/;2015;10
Episodio 165;"Música y significado - FALLA: ""El sombrero de tres picos"" -";https://www.rtve.es/play/audios/musica-y-significado/musica-significado-falla-sombrero-tres-picos-06-11-15/3351278/;2015;11
Episodio 166;La guerra y la paz;http://www.rtve.es/play/audios/musica-y-significado/musica-significado-guerra-paz-20-11-15/3372579/;2015;11
Episodio 167;SHOSTAKOVICH: Cuarteto 8 (versión orquestal);http://www.rtve.es/play/audios/musica-y-significado/musica-significado-shostakovich-cuarteto-8-version-orquestal-27-11-15/3383484/;2015;11
Episodio 168;La Fantasía de SCHUMANN (y de CLARA);https://www.rtve.es/play/audios/musica-y-significado/musica-significado-fantasia-schumann-clara-04-12-15/3394098/;2015;12
Episodio 169;Heridas que sanan;http://www.rtve.es/play/audios/musica-y-significado/musica-significado-heridas-sanan-18-12-15/3413978/;2015;12
Episodio 170;Navidades de cine;http://www.rtve.es/play/audios/musica-y-significado/musica-significado-navidades-cine-25-12-15/3422878/;2015;12
Episodio 171;Nuevo álbum de Radio Clásica;http://www.rtve.es/play/audios/musica-y-significado/musica-significado-010116/3431159/;2016;1
Episodio 172;"MAHLER: 2ª Sinfonía ""Resurrección""";http://www.rtve.es/play/audios/musica-y-significado/musica-significado-mahler-2-sinfonia-resurreccion-08-01-16/3438888/;2016;1
Episodio 173;Boulez ha muerto;https://www.rtve.es/play/audios/musica-y-significado/musica-significado-boulez-muerto-15-01-16/3446038/;2016;1
Episodio 174;"SHOSTAKOVICH: 11ª Sinfonía, ""1905""";http://www.rtve.es/play/audios/musica-y-significado/musica-significado-shostakovich-11-sinfonia-1905-22-01-16/3454518/;2016;1
Episodio 175;Don Quijote de R. STRAUSS;http://www.rtve.es/play/audios/musica-y-significado/musica-significado-don-quijote-strauss-29-01-16/3463999/;2016;1
Episodio 176;El buey sobre el tejado y otras máscaras;http://www.rtve.es/play/audios/musica-y-significado/musica-significado-buey-sobre-tejado-otras-mascaras-05-02-16/3475519/;2016;2
Episodio 177;SCHUMANN: Segunda Sinfonía;https://www.rtve.es/play/audios/musica-y-significado/musica-significado-schumann-segunda-sinfonia-12-02-16/3485098/;2016;2
Episodio 178;WAGNER: Los Maestros Cantores;https://www.rtve.es/play/audios/musica-y-significado/musica-significado-wagner-maestros-cantores-19-02-16/3493825/;2016;2
Episodio 179;"SCHUMANN: Sinfonía ""Renana""";https://www.rtve.es/play/audios/musica-y-significado/musica-significado-schumann-sinfonia-renana-26-02-16/3502350/;2016;2
Episodio 180;Fuentes mágicas;http://www.rtve.es/play/audios/musica-y-significado/musica-significado-fuentes-magicas-04-03-16/3511092/;2016;3
Episodio 181;PERGOLESI: Stabat Mater;https://www.rtve.es/play/audios/musica-y-significado/musica-significado-pergolesi-stabat-mater-11-03-16/3520059/;2016;3
Episodio 182;Rey de Reyes;http://www.rtve.es/play/audios/musica-y-significado/musica-significado-rey-reyes-25-03-16/3539518/;2016;3
Episodio 183;VIVALDI: Las Cuatro Estaciones (I);https://www.rtve.es/play/audios/musica-y-significado/musica-significado-vivaldi-cuatro-estaciones-01-04-16/3550301/;2016;4
Episodio 184;VIVALDI: Las Cuatro Estaciones (I);https://www.rtve.es/play/audios/musica-y-significado/musica-significado-vivaldi-cuatro-estaciones-01-04-16/3550301/;2016;4
Episodio 185;CHAIKOVSKI: Sexta Sinfonía;https://www.rtve.es/play/audios/musica-y-significado/musica-significado-chaikovski-sexta-sinfonia-08-04-16/3561299/;2016;4
Episodio 186;El bosque de las almas;http://www.rtve.es/play/audios/musica-y-significado/musica-significado-bosque-almas-15-04-16/3571180/;2016;4
Episodio 187;"BEETHOVEN. 2ª Sinfonía ""INVICTUS""";https://www.rtve.es/play/audios/musica-y-significado/musica-significado-beethoven-2-sinfonia-invictus-22-04-16/3581378/;2016;4
Episodio 188;Voces de la EDAD MEDIA;http://www.rtve.es/play/audios/musica-y-significado/musica-significado-voces-edad-media-29-04-16/3593342/;2016;4
Episodio 189;WAGNER: Tannhaüser;https://www.rtve.es/play/audios/musica-y-significado/musica-significado-wagner-tannhauser-06-05-16/3600544/;2016;5
Episodio 190;SHOSTAKOVICH: Quinta Sinfonía (y II);http://www.rtve.es/play/audios/musica-y-significado/musica-significado-shostakovich-quinta-sinfonia-ii-20-05-16/3613865/;2016;5
Episodio 191;"BRAHMS: Oberturas ""Trágica"" y ""Académica""";https://www.rtve.es/play/audios/musica-y-significado/musica-significado-brahms-oberturas-tragica-academica-27-05-16/3618784/;2016;5
Episodio 192;VIVALDI: El Verano;https://www.rtve.es/play/audios/musica-y-significado/musica-significado-vivaldi-verano-10-06-16/3630841/;2016;6
Episodio 193;VIVALDI: El Verano;https://www.rtve.es/play/audios/musica-y-significado/musica-significado-vivaldi-verano-10-06-16/3630841/;2016;6
Episodio 194;Utopía;http://www.rtve.es/play/audios/musica-y-significado/musica-significado-utopia-17-06-16/3637935/;2016;6
Episodio 195;Natural o cultural;http://www.rtve.es/play/audios/musica-y-significado/musica-significado-natural-cultural-07-10-16/3749038/;2016;10
Episodio 196;Historia Universal del Otoño;http://www.rtve.es/play/audios/musica-y-significado/musica-significado-historia-universal-del-otono-14-10-16/3757738/;2016;10
Episodio 197;BRUCKNER: Octava Sinfonía;http://www.rtve.es/play/audios/musica-y-significado/musica-significado-bruckner-octava-sinfonia-21-10-16/3766798/;2016;10
Episodio 198;Almas y daguerrotipos: F. MENDELSSOHN;http://www.rtve.es/play/audios/musica-y-significado/musica-significado-almas-daguerrotipos-mendelssohn-28-10-16/3777898/;2016;10
Episodio 199;Wagner: LOHENGRIN;https://www.rtve.es/play/audios/musica-y-significado/musica-significado-wagner-lohengrin-04-11-16/3787399/;2016;11
Episodio 200;CHOPIN: Balada nº1;https://www.rtve.es/play/audios/musica-y-significado/musica-significado-chopin-balada-n1-11-11-16/3797118/;2016;11
Episodio 201;El último Trío de SCHUBERT;http://www.rtve.es/play/audios/musica-y-significado/musica-significado-251116/3812538/;2016;11
Episodio 202;Almas en Daguerrotipos: GRANADOS;http://www.rtve.es/play/audios/musica-y-significado/musica-significado-almas-daguerrotipos-granados-02-12-16/3818978/;2016;12
Episodio 203;El Réquiem de FAURÉ (II);https://www.rtve.es/play/audios/musica-y-significado/musica-significado-requiem-faure-ii-16-12-16/3833319/;2016;12
Episodio 204;Románticos en Navidad;http://www.rtve.es/play/audios/musica-y-significado/musica-significado-romanticos-navidad-23-12-16/3842238/;2016;12
Episodio 205;INVIERNOS (de Vivaldi a Piazzolla);http://www.rtve.es/play/audios/musica-y-significado/musica-significado-inviernos-vivaldi-piazzolla-06-01-17/3857871/;2017;1
Episodio 206;WAGNER: Tristán e Isolda;https://www.rtve.es/play/audios/musica-y-significado/musica-significado-wagner-tristan-isolda-13-01-17/3867082/;2017;1
Episodio 207;MÁS ALLÁ de Tristán e Isolda...;https://www.rtve.es/play/audios/musica-y-significado/musica-significado-mas-alla-tristan-isolda-20-01-17/3877138/;2017;1
Episodio 208;1917: La Revolución Rusa;http://www.rtve.es/play/audios/musica-y-significado/musica-significado-1917-revolucion-rusa-27-01-17/3888599/;2017;1
Episodio 209;CARMEN de Bizet;https://www.rtve.es/play/audios/musica-y-significado/musica-significado-carmen-bizet-03-02-17/3899199/;2017;2
Episodio 210;SINFONÍA FANTÁSTICA de Berlioz (2);https://www.rtve.es/play/audios/musica-y-significado/musica-significado-sinfonia-fantastica-berlioz-2-10-02-17/3910341/;2017;2
Episodio 211;"SHOSTAKOVICH: Sinfonía 12 ""El año 1917""";http://www.rtve.es/play/audios/musica-y-significado/musica-significado-shostakovich-sinfonia-12-ano-1917-17-02-17/3918558/;2017;2
Episodio 212;CHOPIN en Mallorca (II);http://www.rtve.es/play/audios/musica-y-significado/musica-significado-chopin-mallorca-ii-24-02-17/3925449/;2017;2
Episodio 213;PAYASOS enigmáticos;http://www.rtve.es/play/audios/musica-y-significado/musica-significado-payasos-enigmaticos-03-03-17/3933058/;2017;3
Episodio 214;Ciudades/Mujeres invisibles;http://www.rtve.es/play/audios/musica-y-significado/musica-significado-ciudades-mujeres-invisibles-10-03-17/3940428/;2017;3
Episodio 215;La QUINTA SINFONÍA de Beethoven;http://www.rtve.es/play/audios/musica-y-significado/musica-significado-quinta-sinfonia-beethoven-17-03-17/3948000/;2017;3
Episodio 216;Aniversario BACH;http://www.rtve.es/play/audios/musica-y-significado/musica-significado-aniversario-bach-24-03-17/3956321/;2017;3
Episodio 217;El Maestro de Música;http://www.rtve.es/play/audios/musica-y-significado/musica-significado-maestro-musica-31-03-17/3963759/;2017;4
Episodio 218;DVORAK: Octava Sinfonía;https://www.rtve.es/play/audios/musica-y-significado/musica-significado-dvorak-octava-sinfonia-07-04-17/3972248/;2017;4
Episodio 219;HAYDN: Las Siete Palabras;https://www.rtve.es/play/audios/musica-y-significado/musica-significado-haydn-siete-palabras-14-04-17/3980566/;2017;4
Episodio 220;La muerte de WEBERN;http://www.rtve.es/play/audios/musica-y-significado/musica-significado-muerte-webern-21-04-17/3989598/;2017;4
Episodio 221;RAVEL: Daphnis y Chloé;https://www.rtve.es/play/audios/musica-y-significado/musica-significado-ravel-daphnis-chloe-05-05-17/4008430/;2017;5
Episodio 222;PENTATÓNICOS universales (I);http://www.rtve.es/play/audios/musica-y-significado/musica-significado-pentatonicos-universales-12-05-17/4017798/;2017;5
Episodio 223;BRAHMS: Música de Cámara (I);https://www.rtve.es/play/audios/musica-y-significado/musica-significado-brahms-musica-camara-19-05-17/4027401/;2017;5
Episodio 224;PENTATÓNICOS 2: América, África;http://www.rtve.es/play/audios/musica-y-significado/musica-significado-pentatonicos-2-america-africa-26-05-17/4038081/;2017;5
Episodio 225;COPLAND: Primavera Apalache, Fanfarria...;https://www.rtve.es/play/audios/musica-y-significado/musica-significado-copland-primavera-apalache-fanfarria-02-06-17/4047361/;2017;6
Episodio 226;Beethoven: Concierto EMPERADOR;http://www.rtve.es/play/audios/musica-y-significado/musica-significado-beethoven-concierto-emperador-09-06-17/4059339/;2017;6
Episodio 227;El Señor de los Anillos;http://www.rtve.es/play/audios/musica-y-significado/musica-significado-senor-anillos-16-06-17/4068738/;2017;6
Episodio 228;El Señor de los Anillos (II);http://www.rtve.es/play/audios/musica-y-significado/musica-significado-senor-anillos-ii-30-06-17/4091158/;2017;7
Episodio 229;Cuadros para una Exposición;http://www.rtve.es/play/audios/musica-y-significado/musica-significado-cuadros-para-exposicion-06-10-17/4250760/;2017;10
Episodio 230;SCHOENBERG: Noche Trans;http://www.rtve.es/play/audios/musica-y-significado/musica-significado-schoenberg-noche-trans-13-10-17/4256739/;2017;10
Episodio 231;Habitantes del mármol;http://www.rtve.es/play/audios/musica-y-significado/musica-significado-habitantes-del-marmol-20-10-17/4263979/;2017;10
Episodio 232;LISZT: Concierto 1, Orfeo;https://www.rtve.es/play/audios/musica-y-significado/musica-significado-liszt-concierto-1-orfeo-27-10-17/4274999/;2017;10
Episodio 233;Holst: LOS PLANETAS;https://www.rtve.es/play/audios/musica-y-significado/musica-significado-holst-planetas-03-11-17/4286760/;2017;11
Episodio 234;La Reforma;http://www.rtve.es/play/audios/musica-y-significado/musica-significado-reforma-17-11-17/4311200/;2017;11
Episodio 235;"BACH: Cantata 80 ""La Reforma""";http://www.rtve.es/play/audios/musica-y-significado/musica-significado-bach-cantata-80-reforma-24-11-17/4324158/;2017;11
Episodio 236;BRAHMS: Música de Cámara (II);https://www.rtve.es/play/audios/musica-y-significado/musica-significado-brahms-musica-camara-ii-01-12-17/4339599/;2017;12
Episodio 237;La vida como SCHERZO;http://www.rtve.es/play/audios/musica-y-significado/musica-significado-vida-como-scherzo-08-12-17/4358179/;2017;12
Episodio 238;El Mesías (II);http://www.rtve.es/play/audios/musica-y-significado/musica-significado-mesias-ii-22-12-17/4388138/;2017;12
Episodio 239;LA BOHÈME de Puccini;https://www.rtve.es/play/audios/musica-y-significado/musica-significado-boheme-puccini-29-12-17/4395398/;2017;12
Episodio 240;EL ORFANATO - X Aniversario;http://www.rtve.es/play/audios/musica-y-significado/musica-significado-orfanato-aniversario-12-01-18/4417818/;2018;1
Episodio 241;BEETHOVEN, Concierto para Violín;http://www.rtve.es/play/audios/musica-y-significado/musica-significado-beethoven-concierto-para-violin-19-01-18/4430158/;2018;1
Episodio 242;STRAUSS: Así habló Zaratustra;http://www.rtve.es/play/audios/musica-y-significado/musica-significado-strauss-asi-hablo-zaratustra-26-01-18/4440000/;2018;1
Episodio 243;SCHUMANN: Concierto para Violonchelo;https://www.rtve.es/play/audios/musica-y-significado/musica-significado-schumann-concierto-para-violonchelo-02-02-18/4455858/;2018;2
Episodio 244;John Williams: STAR WARS;https://www.rtve.es/play/audios/musica-y-significado/musica-significado-john-williams-star-wars-09-02-18/4470159/;2018;2
Episodio 245;ROMEO Y JULIETA de Prokofiev;https://www.rtve.es/play/audios/musica-y-significado/musica-significado-romeo-julieta-prokofiev-23-02-18/4490741/;2018;2
Episodio 246;Prokofiev: ALEXANDER NEVSKY;https://www.rtve.es/play/audios/musica-y-significado/musica-significado-prokofiev-alexander-nevsky-02-03-18/4501560/;2018;3
Episodio 247;MUJERES: ¡Hacia la victoria final!;http://www.rtve.es/play/audios/musica-y-significado/musica-significado-mujeres-hacia-victoria-final-09-03-18/4513375/;2018;3
Episodio 248;SCHUMANN: Concierto para Piano;https://www.rtve.es/play/audios/musica-y-significado/musica-significado-schumann-concierto-para-piano-16-03-18/4525459/;2018;3
Episodio 249;CHAIKOVSKI: Cuarta Sinfonía;https://www.rtve.es/play/audios/musica-y-significado/musica-significado-chaikovski-cuarta-sinfonia-23-03-18/4536544/;2018;3
Episodio 250;BRAHMS: Réquiem Alemán (II);https://www.rtve.es/play/audios/musica-y-significado/musica-significado-brahms-requiem-aleman-ii-06-04-18/4555020/;2018;4
Episodio 251;Historia del CONCIERTO;http://www.rtve.es/play/audios/musica-y-significado/musica-significado-historia-del-concierto-13-04-18/4565361/;2018;4
Episodio 252;La folía;http://www.rtve.es/play/audios/musica-y-significado/musica-significado-folia-20-04-18/4576058/;2018;4
Episodio 253;WEST SIDE STORY de Bernstein;http://www.rtve.es/play/audios/musica-y-significado/musica-significado-west-side-story-bernstein-04-05-18/4591722/;2018;5
Episodio 254;RACHMANINOV: Concierto nº3 (completo);https://www.rtve.es/play/audios/musica-y-significado/musica-significado-rachmaninov-concierto-no3-completo-11-05-18/4599183/;2018;5
Episodio 255;Centenario de DEBUSSY;https://www.rtve.es/play/audios/musica-y-significado/musica-significado-centenario-debussy-18-05-18/4606227/;2018;5
Episodio 256;NIETZSCHE contra WAGNER;https://www.rtve.es/play/audios/musica-y-significado/musica-significado-nietzsche-contra-wagner-25-05-18/4613979/;2018;5
Episodio 257;Especial BARTÓK;https://www.rtve.es/play/audios/musica-y-significado/musica-significado-especial-bartok-15-06-18/4635979/;2018;6
Episodio 258;Música para el alma (DESPEDIDA);http://www.rtve.es/play/audios/musica-y-significado/musica-significado-musica-para-alma-despedida-29-06-18/4649699/;2018;6
Episodio 259;¡Décimo aniversario!;http://www.rtve.es/play/audios/musica-y-significado/musica-significado-decimo-aniversario-05-10-18/4777680/;2018;10
Episodio 260;Sinfonía Gaélica de AMY BEACH;https://www.rtve.es/play/audios/musica-y-significado/musica-significado-sinfonia-gaelica-amy-beach-12-10-18/4788856/;2018;10
Episodio 261;Especial BEETHOVEN (I);https://www.rtve.es/play/audios/musica-y-significado/musica-significado-especial-beethoven-19-10-18/4801118/;2018;10
Episodio 262;Especial BEETHOVEN (I);https://www.rtve.es/play/audios/musica-y-significado/musica-significado-especial-beethoven-19-10-18/4801118/;2018;10
Episodio 263;BACH: Simbolismo (I);https://www.rtve.es/play/audios/musica-y-significado/musica-significado-bach-simbolismo-26-10-18/4813016/;2018;10
Episodio 264;Los SEIS Franceses;http://www.rtve.es/play/audios/musica-y-significado/musica-significado-seis-franceses-09-11-18/4833108/;2018;11
Episodio 265;Especial Dvorak;https://www.rtve.es/play/audios/musica-y-significado/musica-significado-especial-dvorak-16-11-18/4844092/;2018;11
Episodio 266;Especial BEETHOVEN (II);http://www.rtve.es/play/audios/musica-y-significado/musica-significado-especial-beethoven-ii-23-11-18/4855518/;2018;11
Episodio 267;CHAIKOVSKI: Concierto para piano nº1;https://www.rtve.es/play/audios/musica-y-significado/musica-significado-chaikovski-concierto-para-piano-n1-30-11-18/4866919/;2018;12
Episodio 268;GRIEG: Peer Gynt;https://www.rtve.es/play/audios/musica-y-significado/musica-significado-grieg-peer-gynt-07-12-18/4879267/;2018;12
Episodio 269;Clara Schumann;https://www.rtve.es/play/audios/musica-y-significado/musica-significado-clara-schumann-14-12-18/4892540/;2018;12
Episodio 270;El conjuro de la NAVIDAD;http://www.rtve.es/play/audios/musica-y-significado/musica-significado-conjuro-navidad-21-12-18/4906119/;2018;12
Episodio 271;"BEETHOVEN (III): ""Heroica""";https://www.rtve.es/play/audios/musica-y-significado/musica-significado-beethoven-iii-heroica-04-01-19/4924660/;2019;1
Episodio 272;CHAIKOVSKI: Concierto para Violín;https://www.rtve.es/play/audios/musica-y-significado/musica-significado-chaikovski-concierto-para-violin-11-01-19/4935002/;2019;1
Episodio 273;RIMSKY-KORSAKOV;https://www.rtve.es/play/audios/musica-y-significado/musica-significado-rimsky-korsakov-18-01-19/4943958/;2019;1
Episodio 274;WAGNER: El oro del Rhin;http://www.rtve.es/play/audios/musica-y-significado/musica-significado-wagner-oro-del-rhin-25-01-19/4952557/;2019;1
Episodio 275;Fanny Mendelssohn;https://www.rtve.es/play/audios/musica-y-significado/musica-significado-fanny-mendelssohn-01-02-19/4964138/;2019;2
Episodio 276;BEETHOVEN (IV);https://www.rtve.es/play/audios/musica-y-significado/musica-significado-beethoven-iv-15-02-19/4991879/;2019;2
Episodio 277;BACH: Simbolismo (II);https://www.rtve.es/play/audios/musica-y-significado/musica-significado-bach-simbolismo-ii-22-02-19/5007738/;2019;2
Episodio 278;PUCCINI: Turandot;https://www.rtve.es/play/audios/musica-y-significado/musica-significado-puccini-turandot-01-03-19/5026600/;2019;3
Episodio 279;HARRY POTTER, con Jaime Altozano;https://www.rtve.es/play/audios/musica-y-significado/musica-significado-harry-potter-jaime-altozano-15-03-19/5067478/;2019;3
Episodio 280;"El tema ¿""FEMENINO""?...";http://www.rtve.es/play/audios/musica-y-significado/musica-significado-tema-femenino-22-03-19/5082880/;2019;3
Episodio 281;BEETHOVEN (V);https://www.rtve.es/play/audios/musica-y-significado/musica-significado-beethoven-v-05-04-19/5122455/;2019;4
Episodio 282;Especial JOHN WILLIAMS;https://www.rtve.es/play/audios/musica-y-significado/musica-significado-especial-john-williams-12-04-19/5139458/;2019;4
Episodio 283;BACH: Pasión según San Juan;http://www.rtve.es/play/audios/musica-y-significado/musica-significado-bach-pasion-segun-san-juan-19-04-19/5155321/;2019;4
Episodio 284;WAGNER: La Walkyria;https://www.rtve.es/play/audios/musica-y-significado/musica-significado-wagner-walkyria-03-05-19/5180066/;2019;5
Episodio 285;"BEETHOVEN VI: la ""Pastoral""";https://www.rtve.es/play/audios/musica-y-significado/musica-significado-beethoven-vi-pastoral-10-05-19/5194219/;2019;5
Episodio 286;BEETHOVEN (VII);https://www.rtve.es/play/audios/musica-y-significado/musica-significado-beethoven-vii-17-05-19/5220624/;2019;5
Episodio 287;BEETHOVEN (VIII);https://www.rtve.es/play/audios/musica-y-significado/musica-significado-beethoven-viii-24-05-19/5238276/;2019;5
Episodio 288;Música y significado - 31/05/19;http://www.rtve.es/play/audios/musica-y-significado/musica-significado-31-05-19/5253698/;2019;6
Episodio 289;BEETHOVEN: La Novena (I);https://www.rtve.es/play/audios/musica-y-significado/musica-significado-beethoven-novena-07-06-19/5267259/;2019;6
Episodio 290;BEETHOVEN IX: Himno a la Alegría;http://www.rtve.es/play/audios/musica-y-significado/musica-significado-beethoven-ix-himno-alegria-14-06-19/5281120/;2019;6
Episodio 291;Epílogo con MERCEDES MILÁ;http://www.rtve.es/play/audios/musica-y-significado/musica-significado-epilogo-mercedes-mila-28-06-19/5305525/;2019;6
Episodio 292;Especial MOZART;https://www.rtve.es/play/audios/musica-y-significado/musica-significado-especial-mozart-04-10-19/4628799/;2019;10
Episodio 293;"ELGAR: Variaciones ""Enigma""";https://www.rtve.es/play/audios/musica-y-significado/musica-significado-elgar-variaciones-enigma-03-07-20/5616356/;2020;7
Episodio 294;"MAHLER: Sinfonía ""Titán"" (1)";https://www.rtve.es/play/audios/musica-y-significado/musica-significado-mahler-sinfonia-titan-1-10-07-20/5622433/;2020;7
Episodio 295;"MAHLER: Sinfonía ""Titán"" (2)";https://www.rtve.es/play/audios/musica-y-significado/musica-significado-mahler-sinfonia-titan-2-24-07-20/5631862/;2020;7
Episodio 296;SATIE: Gymnopedies;https://www.rtve.es/play/audios/musica-y-significado/musica-significado-satie-gymnopedies-31-07-20/5636899/;2020;8
Episodio 297;HONEGGER: Pacific 231;https://www.rtve.es/play/audios/musica-y-significado/musica-significado-honegger-pacific-231-07-08-20/5642346/;2020;8
Episodio 298;DEBUSSY: El Mar;https://www.rtve.es/play/audios/musica-y-significado/musica-significado-debussy-mar-14-08-20/5647028/;2020;8
Episodio 299;CHOPIN en Varsovia (I);https://www.rtve.es/play/audios/musica-y-significado/musica-significado-chopin-varsovia-21-08-20/5650084/;2020;8
Episodio 300;CHOPIN En Varsovia (II);https://www.rtve.es/play/audios/musica-y-significado/musica-significado-chopin-varsovia-ii-28-08-20/5653228/;2020;8
Episodio 301;BRAHMS: Doble Concierto;https://www.rtve.es/play/audios/musica-y-significado/musica-significado-brahms-doble-concierto-04-09-20/5657046/;2020;9
Episodio 302;"MOZART: Concierto 21 (""Elvira Madigan"")";https://www.rtve.es/play/audios/musica-y-significado/musica-significado-mozart-concierto-21-elvira-madigan-11-09-20/5661457/;2020;9
Episodio 303;MENDELSSOHN: Concierto para violín;https://www.rtve.es/play/audios/musica-y-significado/musica-significado-mendelssohn-concierto-para-violin-1809-20/5666077/;2020;9
Episodio 304;Y esto sería un poco todo...;https://www.rtve.es/play/audios/musica-y-significado/musica-significado-esto-seria-poco-todo-25-09-20/5671185/;2020;9
Episodio 305;Una Teoría de la Evolución;https://www.rtve.es/play/audios/musica-y-significado/teoria-evolucion-01-10-22/6704593/;2022;10
Episodio 306;Trío en Sol menor de CLARA SCHUMANN;https://www.rtve.es/play/audios/musica-y-significado/trio-sol-menor-clara-schumann/6709710/;2022;10
Episodio 307;DORA PEJACEVIC: Sinfonía;https://www.rtve.es/play/audios/musica-y-significado/dora-pejacevic-sinfonia-22-10-22/6719575/;2022;10
Episodio 308;BEETHOVEN: Oberturas;https://www.rtve.es/play/audios/musica-y-significado/beethoven-oberturas-29-10-22/6724797/;2022;10
Episodio 309;"SCHUBERT: Sinfonía 9 ""La Grande""";https://www.rtve.es/play/audios/musica-y-significado/schubert-sinfonia-9-grande/6729553/;2022;11
Episodio 310;CHOPIN: Sonata para violonchelo y piano;https://www.rtve.es/play/audios/musica-y-significado/chopin-sonata-para-violonchelo-piano-12-11-22/6734832/;2022;11
Episodio 311;AMY BEACH: Concierto para piano y orquesta;https://www.rtve.es/play/audios/musica-y-significado/amy-beach-concierto-para-piano-orquesta-19-11-22/6740056/;2022;11
Episodio 312;BEETHOVEN: Triple Concierto;https://www.rtve.es/play/audios/musica-y-significado/beethoven-triple-concierto-26-11-22/6745166/;2022;11
Episodio 313;MOZART: Oberturas;https://www.rtve.es/play/audios/musica-y-significado/mozart-oberturas-10-12-22/6754334/;2022;12
Episodio 314;SCHUMANN: Escenas Infantiles;https://www.rtve.es/play/audios/musica-y-significado/schumann-escenas-infantiles-17-12-22/6759374/;2022;12
Episodio 315;NAVIDAD: un relato sinfónico;https://www.rtve.es/play/audios/musica-y-significado/navidad-relato-sinfonico/6764149/;2022;12
Episodio 316;MOZART: Concierto para clarinete y orquesta;https://www.rtve.es/play/audios/musica-y-significado/analisis-mozart-concierto-para-clarinete-orquesta/6771233/;2023;1
Episodio 317;MAX BRUCH: Concierto para violín y orquesta nº1;https://www.rtve.es/play/audios/musica-y-significado/max-bruch-concierto-para-violin-orquesta-n1-14-01-23/6776265/;2023;1
Episodio 318;BEETHOVEN: Concierto nº3;https://www.rtve.es/play/audios/musica-y-significado/beethoven-concierto-n3-21-01-23/6780631/;2023;1
Episodio 319;DORA PEJACEVIC: Trío en Do mayor;https://www.rtve.es/play/audios/musica-y-significado/dora-pejacevic-trio-do-mayor/6790039/;2023;1
Episodio 320;WAGNER: Oberturas (I);https://www.rtve.es/play/audios/musica-y-significado/wagner-oberturas/6808334/;2023;2
Episodio 321;SAINT-SAËNS: Carnaval de los animales;https://www.rtve.es/play/audios/musica-y-significado/saint-saens-carnaval-animales-18-02-23/6814477/;2023;2
Episodio 322;Sinfónicos en HOLLYWOOD;https://www.rtve.es/play/audios/musica-y-significado/sinfonicos-hollywood-04-03-23/6826626/;2023;3
Episodio 323;"MAHLER: Sinfonía nº6 ""Trágica"" (I)";https://www.rtve.es/play/audios/musica-y-significado/mahler-sinfonia-n6-tragica-11-03-23/6832244/;2023;3
Episodio 324;"MAHLER: Sexta Sinfonía ""Trágica"" (II)";https://www.rtve.es/play/audios/musica-y-significado/mahler-sexta-sinfonia-tragica-ii/6837517/;2023;3
Episodio 325;BEETHOVEN: Concierto nº1;https://www.rtve.es/play/audios/musica-y-significado/beethoven-concierto-no1-01-04-23/6849288/;2023;4
Episodio 326;Muerte y resurrección;https://www.rtve.es/play/audios/musica-y-significado/muerte-resurreccion/6857713/;2023;4
Episodio 327;"MOZART; Sinfonía 36 ""Linz""";https://www.rtve.es/play/audios/musica-y-significado/mozart-sinfonia-36-linz-15-04-23/6864080/;2023;4
Episodio 328;TELEMANN: Don Quijote;https://www.rtve.es/play/audios/musica-y-significado/telemann-don-quijote-22-04-23/6871013/;2023;4
Episodio 329;DEBUSSY: Claro de luna;https://www.rtve.es/play/audios/musica-y-significado/debussy-claro-luna-29-04-23/6878135/;2023;4
Episodio 330;BEETHOVEN: Trío del Archiduque;https://www.rtve.es/play/audios/musica-y-significado/beethoven-trio-del-archiduque-06-05-23/6883946/;2023;5
Episodio 331;Beethoven y Josephine;https://www.rtve.es/play/audios/musica-y-significado/beethoven-josephine-13-05-23/6889998/;2023;5
Episodio 332;RIMSKY-KORSAKOV: Capricho Español;https://www.rtve.es/play/audios/musica-y-significado/rimsky-korsakov-capricho-espanol/6895207/;2023;5
Episodio 333;FAURÉ: Pavana;https://www.rtve.es/play/audios/musica-y-significado/faure-pavana-27-05-23/6900742/;2023;5
Episodio 334;Mendelssohn: Canciones sin palabra;https://www.rtve.es/play/audios/musica-y-significado/musica-significado-030623/6905983/;2023;6
Episodio 335;BACH: Álbum de Anna Magdalena;https://www.rtve.es/play/audios/musica-y-significado/bach-album-anna-magdalena/6916251/;2023;6
Episodio 336;La disputada herencia de ARNOLD SCHÖNBERG;https://www.rtve.es/play/audios/musica-y-significado/disputada-herencia-arnold-schonberg/6920167/;2023;6
Episodio 337;KORNGOLD: Concierto para violín y orquesta;https://www.rtve.es/play/audios/musica-y-significado/korngold-concierto-para-violin-orquesta-07-10-23/6984753/;2023;10
Episodio 338;RESPIGHI: Pinos de Roma;https://www.rtve.es/play/audios/musica-y-significado/respighi-pinos-roma-14-10-23/6989629/;2023;10
Episodio 339;BACH: Cantatas (I);https://www.rtve.es/play/audios/musica-y-significado/bach-cantatas-21-10-23/6994849/;2023;10
Episodio 340;CESAR FRANCK: Sinfonía en Re menor;https://www.rtve.es/play/audios/musica-y-significado/cesar-franck-sinfonia-re-menor-28-10-23/6999930/;2023;10
Episodio 341;SCHUMANN: Sinfonía 4;https://www.rtve.es/play/audios/musica-y-significado/schumann-sinfonia-4/7004394/;2023;11
Episodio 342;BACH: Cantatas 02;https://www.rtve.es/play/audios/musica-y-significado/bach-cantatas-02/7009270/;2023;11
Episodio 343;SHOSTAKOVICH: Concierto para piano nº2;https://www.rtve.es/play/audios/musica-y-significado/shostakovich-concierto-para-piano-n2/7014283/;2023;11
Episodio 344;RACHMANINOV: Segunda Sinfonía;https://www.rtve.es/play/audios/musica-y-significado/rachmaninov-segunda-sinfonia-25-11-23/7018852/;2023;11
Episodio 345;BACH: Cantatas 03;https://www.rtve.es/play/audios/musica-y-significado/bach-cantatas-03/7031653/;2023;12
Episodio 346;SCHUMANN: Álbum para la Juventud;https://www.rtve.es/play/audios/musica-y-significado/schumann-album-para-juventud-16-12-23/7037627/;2023;12
Episodio 347;La primera Navidad (II);https://www.rtve.es/play/audios/musica-y-significado/primera-navidad-ii/7043834/;2023;12
Episodio 348;Recopilación 2023;https://www.rtve.es/play/audios/musica-y-significado/recopilacion-2023/7047545/;2023;12
